{
    "name": "root",
    "metadata": {
        "timer_format_version": "0.1.0",
        "start_time_seconds": "1737963831",
        "python_version": "3.10.12 | packaged by Anaconda, Inc. | (main, Jul  5 2023, 19:01:18) [MSC v.1916 64 bit (AMD64)]",
        "command_line_arguments": "C:\\Users\\ASUS\\.conda\\envs\\mlagents\\Scripts\\mlagents-learn --run-id=Test9 --force",
        "mlagents_version": "1.1.0",
        "mlagents_envs_version": "1.1.0",
        "communication_protocol_version": "1.5.0",
        "pytorch_version": "2.2.2+cu121",
        "numpy_version": "1.23.5",
        "end_time_seconds": "1737964118"
    },
    "total": 287.04515429999446,
    "count": 1,
    "self": 0.019962700025644153,
    "children": {
        "run_training.setup": {
            "total": 0.09744959999807179,
            "count": 1,
            "self": 0.09744959999807179
        },
        "TrainerController.start_learning": {
            "total": 286.92774199997075,
            "count": 1,
            "self": 0.05814719933550805,
            "children": {
                "TrainerController._reset_env": {
                    "total": 42.45038909994764,
                    "count": 1,
                    "self": 42.45038909994764
                },
                "TrainerController.advance": {
                    "total": 243.83528900070814,
                    "count": 1460,
                    "self": 0.06138840230414644,
                    "children": {
                        "env_step": {
                            "total": 242.5935033983551,
                            "count": 1460,
                            "self": 224.49026729748584,
                            "children": {
                                "SubprocessEnvManager._take_step": {
                                    "total": 18.051697599468753,
                                    "count": 1460,
                                    "self": 0.24223399930633605,
                                    "children": {
                                        "TorchPolicy.evaluate": {
                                            "total": 17.809463600162417,
                                            "count": 1460,
                                            "self": 17.809463600162417
                                        }
                                    }
                                },
                                "workers": {
                                    "total": 0.051538501400500536,
                                    "count": 1459,
                                    "self": 0.0,
                                    "children": {
                                        "worker_root": {
                                            "total": 176.126495600387,
                                            "count": 1459,
                                            "is_parallel": true,
                                            "self": 26.96698460128391,
                                            "children": {
                                                "steps_from_proto": {
                                                    "total": 0.10628289997112006,
                                                    "count": 1,
                                                    "is_parallel": true,
                                                    "self": 0.0012915999977849424,
                                                    "children": {
                                                        "_process_maybe_compressed_observation": {
                                                            "total": 0.1043620000127703,
                                                            "count": 2,
                                                            "is_parallel": true,
                                                            "self": 8.980004349723458e-05,
                                                            "children": {
                                                                "_observation_to_np_array": {
                                                                    "total": 0.10427219996927306,
                                                                    "count": 1,
                                                                    "is_parallel": true,
                                                                    "self": 4.9999915063381195e-05,
                                                                    "children": {
                                                                        "process_pixels": {
                                                                            "total": 0.10422220005420968,
                                                                            "count": 1,
                                                                            "is_parallel": true,
                                                                            "self": 0.0042591000674292445,
                                                                            "children": {
                                                                                "image_decompress": {
                                                                                    "total": 0.09996309998678043,
                                                                                    "count": 3,
                                                                                    "is_parallel": true,
                                                                                    "self": 0.09996309998678043
                                                                                }
                                                                            }
                                                                        }
                                                                    }
                                                                }
                                                            }
                                                        },
                                                        "_process_rank_one_or_two_observation": {
                                                            "total": 0.000629299960564822,
                                                            "count": 2,
                                                            "is_parallel": true,
                                                            "self": 0.000629299960564822
                                                        }
                                                    }
                                                },
                                                "UnityEnvironment.step": {
                                                    "total": 149.05322809913196,
                                                    "count": 1459,
                                                    "is_parallel": true,
                                                    "self": 0.2804353984538466,
                                                    "children": {
                                                        "UnityEnvironment._generate_step_input": {
                                                            "total": 0.24343390110880136,
                                                            "count": 1459,
                                                            "is_parallel": true,
                                                            "self": 0.24343390110880136
                                                        },
                                                        "communicator.exchange": {
                                                            "total": 144.65369410067797,
                                                            "count": 1459,
                                                            "is_parallel": true,