{
    "name": "root",
    "metadata": {
        "timer_format_version": "0.1.0",
        "start_time_seconds": "1738227220",
        "python_version": "3.10.12 | packaged by Anaconda, Inc. | (main, Jul  5 2023, 19:01:18) [MSC v.1916 64 bit (AMD64)]",
        "command_line_arguments": "C:\\Users\\ASUS\\.conda\\envs\\mlagents\\Scripts\\mlagents-learn --run-id=Test11 --force",
        "mlagents_version": "1.1.0",
        "mlagents_envs_version": "1.1.0",
        "communication_protocol_version": "1.5.0",
        "pytorch_version": "2.2.2+cu121",
        "numpy_version": "1.23.5",
        "end_time_seconds": "1738227474"
    },
    "total": 254.31909330002964,
    "count": 1,
    "self": 10.00978490000125,
    "children": {
        "run_training.setup": {
            "total": 0.025863399961963296,
            "count": 1,
            "self": 0.025863399961963296
        },
        "TrainerController.start_learning": {
            "total": 244.28344500006642,
            "count": 1,
            "self": 0.04701900098007172,
            "children": {
                "TrainerController._reset_env": {
                    "total": 8.784024600056,
                    "count": 1,
                    "self": 8.784024600056
                },
                "TrainerController.advance": {
                    "total": 235.21263209893368,
                    "count": 2149,
                    "self": 0.041268192580901086,
                    "children": {
                        "env_step": {
                            "total": 234.34143890440464,
                            "count": 2149,
                            "self": 219.92381819756702,
                            "children": {
                                "SubprocessEnvManager._take_step": {
                                    "total": 14.37616100476589,
                                    "count": 2151,
                                    "self": 0.1329793060431257,
                                    "children": {
                                        "TorchPolicy.evaluate": {
                                            "total": 14.243181698722765,
                                            "count": 2151,
                                            "self": 14.243181698722765
                                        }
                                    }
                                },
                                "workers": {
                                    "total": 0.04145970207173377,
                                    "count": 2148,
                                    "self": 0.0,
                                    "children": {
                                        "worker_root": {
                                            "total": 153.50277560134418,
                                            "count": 2148,
                                            "is_parallel": true,
                                            "self": 20.499411000171676,
                                            "children": {
                                                "steps_from_proto": {
                                                    "total": 0.06693450000602752,
                                                    "count": 3,
                                                    "is_parallel": true,
                                                    "self": 0.0007714000530540943,
                                                    "children": {
                                                        "_process_maybe_compressed_observation": {
                                                            "total": 0.06583220011088997,
                                                            "count": 6,
                                                            "is_parallel": true,
                                                            "self": 0.0002280999906361103,
                                                            "children": {
                                                                "_observation_to_np_array": {
                                                                    "total": 0.06560410012025386,
                                                                    "count": 3,
                                                                    "is_parallel": true,
                                                                    "self": 0.00013170018792152405,
                                                                    "children": {
                                                                        "process_pixels": {
                                                                            "total": 0.06547239993233234,
                                                                            "count": 3,
                                                                            "is_parallel": true,
                                                                            "self": 0.003967599826864898,
                                                                            "children": {
                                                                                "image_decompress": {
                                                                                    "total": 0.06150480010546744,
                                                                                    "count": 9,
                                                                                    "is_parallel": true,
                                                                                    "self": 0.06150480010546744
                                                                                }
                                                                            }
                                                                        }
                                                                    }
                                                                }
                                                            }
                                                        },
                                                        "_process_rank_one_or_two_observation": {
                                                            "total": 0.00033089984208345413,
                                                            "count": 6,
                                                            "is_parallel": true,
                                                            "self": 0.00033089984208345413
                                                        }
                                                    }
                                                },
                                                "UnityEnvironment.step": {
                                                    "total": 132.93643010116648,
                                                    "count": 2148,
                                                    "is_parallel": true,
                                                    "self": 0.21709179249592125,
                                                    "children": {
                                                        "UnityEnvironment._generate_step_input": {
                                                            "total": 0.16574000392574817,
                                                            "count": 2148,
                                                            "is_parallel": true,
                                                            "self": 0.16574000392574817
                                                        },
                                                        "communicator.exchange": {
                                                            "total": 129.38323970127385,
                                                            "count": 2148,
                                                            "is_parallel": true,