{
    "name": "root",
    "gauges": {
        "PlayerAgent.Policy.Entropy.mean": {
            "value": 4.191256999969482,
            "min": 4.191256999969482,
            "max": 4.191256999969482,
            "count": 1
        },
        "PlayerAgent.Policy.Entropy.sum": {
            "value": 9271.060546875,
            "min": 9271.060546875,
            "max": 9271.060546875,
            "count": 1
        },
        "PlayerAgent.Step.mean": {
            "value": 1956.0,
            "min": 1956.0,
            "max": 1956.0,
            "count": 1
        },
        "PlayerAgent.Step.sum": {
            "value": 1956.0,
            "min": 1956.0,
            "max": 1956.0,
            "count": 1
        },
        "PlayerAgent.Policy.ExtrinsicValueEstimate.mean": {
            "value": -0.03446664661169052,
            "min": -0.03446664661169052,
            "max": -0.03446664661169052,
            "count": 1
        },
        "PlayerAgent.Policy.ExtrinsicValueEstimate.sum": {
            "value": -0.3101998269557953,
            "min": -0.3101998269557953,
            "max": -0.3101998269557953,
            "count": 1
        },
        "PlayerAgent.Environment.EpisodeLength.mean": {
            "value": 565.6666666666666,
            "min": 565.6666666666666,
            "max": 565.6666666666666,
            "count": 1
        },
        "PlayerAgent.Environment.EpisodeLength.sum": {
            "value": 1697.0,
            "min": 1697.0,
            "max": 1697.0,
            "count": 1
        },
        "PlayerAgent.Environment.CumulativeReward.mean": {
            "value": 19.18188138802846,
            "min": 19.18188138802846,
            "max": 19.18188138802846,
            "count": 1
        },
        "PlayerAgent.Environment.CumulativeReward.sum": {
            "value": 57.54564416408539,
            "min": 57.54564416408539,
            "max": 57.54564416408539,
            "count": 1
        },
        "PlayerAgent.Policy.ExtrinsicReward.mean": {
            "value": 19.18188138802846,
            "min": 19.18188138802846,
            "max": 19.18188138802846,
            "count": 1
        },
        "PlayerAgent.Policy.ExtrinsicReward.sum": {
            "value": 57.54564416408539,
            "min": 57.54564416408539,
            "max": 57.54564416408539,
            "count": 1
        },
        "PlayerAgent.IsTraining.mean": {
            "value": 1.0,
            "min": 1.0,
            "max": 1.0,
            "count": 1
        },
        "PlayerAgent.IsTraining.sum": {
            "value": 1.0,
            "min": 1.0,
            "max": 1.0,
            "count": 1
        }
    },
    "metadata": {
        "timer_format_version": "0.1.0",
        "start_time_seconds": "1742856685",
        "python_version": "3.10.12 | packaged by Anaconda, Inc. | (main, Jul  5 2023, 19:01:18) [MSC v.1916 64 bit (AMD64)]",
        "command_line_arguments": "C:\\Users\\ASUS\\.conda\\envs\\mlagents\\Scripts\\mlagents-learn config.yaml --run-id=NewMovement_NewAgentCtrl --force",
        "mlagents_version": "1.1.0",
        "mlagents_envs_version": "1.1.0",
        "communication_protocol_version": "1.5.0",
        "pytorch_version": "2.2.2+cu121",
        "numpy_version": "1.23.5",
        "end_time_seconds": "1742856768"
    },
    "total": 82.64284340001177,
    "count": 1,
    "self": 10.009208900039084,
    "children": {
        "run_training.setup": {
            "total": 0.10859189997427166,
            "count": 1,
            "self": 0.10859189997427166
        },
        "TrainerController.start_learning": {
            "total": 72.52504259999841,
            "count": 1,
            "self": 0.052102497895248234,
            "children": {
                "TrainerController._reset_env": {
                    "total": 10.585191499907523,
                    "count": 1,
                    "self": 10.585191499907523
                },
                "TrainerController.advance": {
                    "total": 61.577394302235916,
                    "count": 2774,
                    "self": 0.042113901232369244,
                    "children": {
                        "env_step": {
                            "total": 60.698949102079496,
                            "count": 2774,
                            "self": 40.72206130239647,
                            "children": {
                                "SubprocessEnvManager._take_step": {
                                    "total": 19.929462098982185,
                                    "count": 2774,
                                    "self": 0.14773090102244169,
                                    "children": {
                                        "TorchPolicy.evaluate": {
                                            "total": 19.781731197959743,
                                            "count": 2774,
                                            "self": 19.781731197959743
                                        }
                                    }
                                },
                                "workers": {
                                    "total": 0.047425700700841844,
                                    "count": 2773,
                                    "self": 0.0,
                                    "children": {
                                        "worker_root": {
                                            "total": 60.61501109576784,
                                            "count": 2773,
                                            "is_parallel": true,
                                            "self": 27.32535909942817,
                                            "children": {
                                                "steps_from_proto": {
                                                    "total": 0.026543500018306077,
                                                    "count": 1,
                                                    "is_parallel": true,
                                                    "self": 0.0006938001606613398,
                                                    "children": {
                                                        "_process_rank_one_or_two_observation": {
                                                            "total": 0.00015109998639672995,
                                                            "count": 2,
                                                            "is_parallel": true,
                                                            "self": 0.00015109998639672995
                                                        },
                                                        "_process_maybe_compressed_observation": {
                                                            "total": 0.025698599871248007,
                                                            "count": 2,
                                                            "is_parallel": true,
                                                            "self": 4.989991430193186e-05,
                                                            "children": {
                                                                "_observation_to_np_array": {
                                                                    "total": 0.025648699956946075,
                                                                    "count": 1,
                                                                    "is_parallel": true,
                                                                    "self": 5.709996912628412e-05,
                                                                    "children": {
                                                                        "process_pixels": {
                                                                            "total": 0.02559159998781979,
                                                                            "count": 1,