{
    "name": "root",
    "gauges": {
        "PlayerAgent.Policy.Entropy.mean": {
            "value": 4.190797328948975,
            "min": 4.190797328948975,
            "max": 4.190797328948975,
            "count": 1
        },
        "PlayerAgent.Policy.Entropy.sum": {
            "value": 8419.3115234375,
            "min": 8419.3115234375,
            "max": 8419.3115234375,
            "count": 1
        },
        "PlayerAgent.Environment.EpisodeLength.mean": {
            "value": 291.1666666666667,
            "min": 291.1666666666667,
            "max": 291.1666666666667,
            "count": 1
        },
        "PlayerAgent.Environment.EpisodeLength.sum": {
            "value": 1747.0,
            "min": 1747.0,
            "max": 1747.0,
            "count": 1
        },
        "PlayerAgent.Step.mean": {
            "value": 1753.0,
            "min": 1753.0,
            "max": 1753.0,
            "count": 1
        },
        "PlayerAgent.Step.sum": {
            "value": 1753.0,
            "min": 1753.0,
            "max": 1753.0,
            "count": 1
        },
        "PlayerAgent.Policy.ExtrinsicValueEstimate.mean": {
            "value": -0.012643041089177132,
            "min": -0.012643041089177132,
            "max": -0.012643041089177132,
            "count": 1
        },
        "PlayerAgent.Policy.ExtrinsicValueEstimate.sum": {
            "value": -0.11378736793994904,
            "min": -0.11378736793994904,
            "max": -0.11378736793994904,
            "count": 1
        },
        "PlayerAgent.Environment.CumulativeReward.mean": {
            "value": 16.085795799891155,
            "min": 16.085795799891155,
            "max": 16.085795799891155,
            "count": 1
        },
        "PlayerAgent.Environment.CumulativeReward.sum": {
            "value": 96.51477479934692,
            "min": 96.51477479934692,
            "max": 96.51477479934692,
            "count": 1
        },
        "PlayerAgent.Policy.ExtrinsicReward.mean": {
            "value": 16.085795799891155,
            "min": 16.085795799891155,
            "max": 16.085795799891155,
            "count": 1
        },
        "PlayerAgent.Policy.ExtrinsicReward.sum": {
            "value": 96.51477479934692,
            "min": 96.51477479934692,
            "max": 96.51477479934692,
            "count": 1
        },
        "PlayerAgent.IsTraining.mean": {
            "value": 1.0,
            "min": 1.0,
            "max": 1.0,
            "count": 1
        },
        "PlayerAgent.IsTraining.sum": {
            "value": 1.0,
            "min": 1.0,
            "max": 1.0,
            "count": 1
        }
    },
    "metadata": {
        "timer_format_version": "0.1.0",
        "start_time_seconds": "1742768078",
        "python_version": "3.10.12 | packaged by Anaconda, Inc. | (main, Jul  5 2023, 19:01:18) [MSC v.1916 64 bit (AMD64)]",
        "command_line_arguments": "C:\\Users\\ASUS\\.conda\\envs\\mlagents\\Scripts\\mlagents-learn config.yaml --run-id=NewMovement_NewAgentCtrl --force",
        "mlagents_version": "1.1.0",
        "mlagents_envs_version": "1.1.0",
        "communication_protocol_version": "1.5.0",
        "pytorch_version": "2.2.2+cu121",
        "numpy_version": "1.23.5",
        "end_time_seconds": "1742768189"
    },
    "total": 111.36875849997159,
    "count": 1,
    "self": 0.018249899963848293,
    "children": {
        "run_training.setup": {
            "total": 0.1361856999574229,
            "count": 1,
            "self": 0.1361856999574229
        },
        "TrainerController.start_learning": {
            "total": 111.21432290005032,
            "count": 1,
            "self": 0.05046690127346665,
            "children": {
                "TrainerController._reset_env": {
                    "total": 11.017814899911173,
                    "count": 1,
                    "self": 11.017814899911173
                },
                "TrainerController.advance": {
                    "total": 99.41432729875669,
                    "count": 2268,
                    "self": 0.03949689818546176,
                    "children": {
                        "env_step": {
                            "total": 98.29495519737247,
                            "count": 2268,
                            "self": 78.51006960193627,
                            "children": {
                                "SubprocessEnvManager._take_step": {
                                    "total": 19.74202329805121,
                                    "count": 2268,
                                    "self": 0.15669009776320308,
                                    "children": {
                                        "TorchPolicy.evaluate": {
                                            "total": 19.585333200288005,
                                            "count": 2266,
                                            "self": 19.585333200288005
                                        }
                                    }
                                },
                                "workers": {
                                    "total": 0.04286229738499969,
                                    "count": 2267,
                                    "self": 0.0,
                                    "children": {
                                        "worker_root": {
                                            "total": 97.96744200249668,
                                            "count": 2267,
                                            "is_parallel": true,
                                            "self": 26.616777102695778,
                                            "children": {
                                                "steps_from_proto": {
                                                    "total": 0.08664849994238466,
                                                    "count": 1,
                                                    "is_parallel": true,
                                                    "self": 0.0014686001231893897,
                                                    "children": {
                                                        "_process_rank_one_or_two_observation": {
                                                            "total": 0.0038911999436095357,
                                                            "count": 2,
                                                            "is_parallel": true,
                                                            "self": 0.0038911999436095357
                                                        },
                                                        "_process_maybe_compressed_observation": {
                                                            "total": 0.08128869987558573,
                                                            "count": 2,
                                                            "is_parallel": true,
                                                            "self": 4.7999899834394455e-05,
                                                            "children": {
                                                                "_observation_to_np_array": {
                                                                    "total": 0.08124069997575134,
                                                                    "count": 1,
                                                                    "is_parallel": true,
                                                                    "self": 3.660004585981369e-05,
                                                                    "children": {
                                                                        "process_pixels": {
                                                                            "total": 0.08120409992989153,
                                                                            "count": 1,