{
    "name": "root",
    "gauges": {
        "PlayerAgent.Policy.Entropy.mean": {
            "value": 3.2969846725463867,
            "min": 3.0332577228546143,
            "max": 4.1914286613464355,
            "count": 780
        },
        "PlayerAgent.Policy.Entropy.sum": {
            "value": 6514.841796875,
            "min": 5684.3251953125,
            "max": 9217.0859375,
            "count": 780
        },
        "PlayerAgent.Step.mean": {
            "value": 1559836.0,
            "min": 1938.0,
            "max": 1559836.0,
            "count": 780
        },
        "PlayerAgent.Step.sum": {
            "value": 1559836.0,
            "min": 1938.0,
            "max": 1559836.0,
            "count": 780
        },
        "PlayerAgent.Policy.ExtrinsicValueEstimate.mean": {
            "value": -1.3569308519363403,
            "min": -7.453733921051025,
            "max": 3.689610481262207,
            "count": 780
        },
        "PlayerAgent.Policy.ExtrinsicValueEstimate.sum": {
            "value": -12.212377548217773,
            "min": -133.37013244628906,
            "max": 47.964935302734375,
            "count": 780
        },
        "PlayerAgent.Environment.EpisodeLength.mean": {
            "value": 572.3333333333334,
            "min": 91.07692307692308,
            "max": 999.0,
            "count": 780
        },
        "PlayerAgent.Environment.EpisodeLength.sum": {
            "value": 1717.0,
            "min": 1168.0,
            "max": 2854.0,
            "count": 780
        },
        "PlayerAgent.Environment.CumulativeReward.mean": {
            "value": 8.669404208660126,
            "min": -114.17838382720947,
            "max": 36.6777361035347,
            "count": 780
        },
        "PlayerAgent.Environment.CumulativeReward.sum": {
            "value": 34.6776168346405,
            "min": -426.977388381958,
            "max": 198.13245487213135,
            "count": 780
        },
        "PlayerAgent.Policy.ExtrinsicReward.mean": {
            "value": 8.669404208660126,
            "min": -114.17838382720947,
            "max": 36.6777361035347,
            "count": 780
        },
        "PlayerAgent.Policy.ExtrinsicReward.sum": {
            "value": 34.6776168346405,
            "min": -426.977388381958,
            "max": 198.13245487213135,
            "count": 780
        },
        "PlayerAgent.IsTraining.mean": {
            "value": 1.0,
            "min": 1.0,
            "max": 1.0,
            "count": 780
        },
        "PlayerAgent.IsTraining.sum": {
            "value": 1.0,
            "min": 1.0,
            "max": 1.0,
            "count": 780
        },
        "PlayerAgent.Losses.PolicyLoss.mean": {
            "value": 0.07508666202915872,
            "min": 0.061880311570558684,
            "max": 0.08591936413994214,
            "count": 120
        },
        "PlayerAgent.Losses.PolicyLoss.sum": {
            "value": 0.07508666202915872,
            "min": 0.061880311570558684,
            "max": 0.08591936413994214,
            "count": 120
        },
        "PlayerAgent.Losses.ValueLoss.mean": {
            "value": 0.81542256295681,
            "min": 0.6053435583412647,
            "max": 1.6108408135175705,
            "count": 120
        },
        "PlayerAgent.Losses.ValueLoss.sum": {
            "value": 0.81542256295681,
            "min": 0.6053435583412647,
            "max": 1.6108408135175705,
            "count": 120
        },
        "PlayerAgent.Policy.LearningRate.mean": {
            "value": 0.0003,
            "min": 0.0003,
            "max": 0.00030000000000000003,
            "count": 120
        },
        "PlayerAgent.Policy.LearningRate.sum": {
            "value": 0.0003,
            "min": 0.0003,
            "max": 0.00030000000000000003,
            "count": 120
        },
        "PlayerAgent.Policy.Epsilon.mean": {
            "value": 0.19999999999999998,
            "min": 0.19999999999999998,
            "max": 0.19999999999999998,
            "count": 120
        },
        "PlayerAgent.Policy.Epsilon.sum": {
            "value": 0.19999999999999998,
            "min": 0.19999999999999998,
            "max": 0.19999999999999998,
            "count": 120
        },
        "PlayerAgent.Policy.Beta.mean": {
            "value": 0.005,
            "min": 0.005,
            "max": 0.005,
            "count": 120
        },
        "PlayerAgent.Policy.Beta.sum": {
            "value": 0.005,
            "min": 0.005,
            "max": 0.005,
            "count": 120
        }
    },
    "metadata": {
        "timer_format_version": "0.1.0",
        "start_time_seconds": "1738429869",
        "python_version": "3.10.12 | packaged by Anaconda, Inc. | (main, Jul  5 2023, 19:01:18) [MSC v.1916 64 bit (AMD64)]",
        "command_line_arguments": "C:\\Users\\ASUS\\.conda\\envs\\mlagents\\Scripts\\mlagents-learn config.yaml --run-id=Dash_Jump_Drop_RandomSpawn_VisitedArea --force",
        "mlagents_version": "1.1.0",
        "mlagents_envs_version": "1.1.0",
        "communication_protocol_version": "1.5.0",
        "pytorch_version": "2.2.2+cu121",
        "numpy_version": "1.23.5",
        "end_time_seconds": "1738472254"
    },
    "total": 42384.88396150002,
    "count": 1,
    "self": 0.007499400031520054,
    "children": {
        "run_training.setup": {
            "total": 0.11571529999491759,
            "count": 1,
            "self": 0.11571529999491759
        },
        "TrainerController.start_learning": {
            "total": 42384.76074679999,
            "count": 1,
            "self": 35.316855978104286,
            "children": {
                "TrainerController._reset_env": {
                    "total": 10.748350900015794,
                    "count": 1,
                    "self": 10.748350900015794
                },
                "TrainerController.advance": {
                    "total": 42338.13643882185,
                    "count": 1560679,
                    "self": 29.158812958106864,
                    "children": {
                        "env_step": {
                            "total": 39145.88008587813,
                            "count": 1560679,
                            "self": 26282.027709577553,
                            "children": {
                                "SubprocessEnvManager._take_step": {
                                    "total": 12829.413407188695,
                                    "count": 1560679,
                                    "self": 104.41415670569404,
                                    "children": {
                                        "TorchPolicy.evaluate": {
                                            "total": 12724.999250483,
                                            "count": 1560679,
                                            "self": 12724.999250483
                                        }
                                    }
                                },
                                "workers": {
                                    "total": 34.438969111884944,
                                    "count": 1560678,
                                    "self": 0.0,
                                    "children": {
                                        "worker_root": {
                                            "total": 42238.47638501605,
                                            "count": 1560678,
                                            "is_parallel": true,
                                            "self": 22028.540579343855,
                                            "children": {
                                                "steps_from_proto": {
                                                    "total": 0.04625230000237934,
                                                    "count": 1,
                                                    "is_parallel": true,