{
    "name": "root",
    "gauges": {
        "PlayerAgent.Policy.Entropy.mean": {
            "value": 3.045163631439209,
            "min": 1.9694584608078003,
            "max": 3.130906820297241,
            "count": 794
        },
        "PlayerAgent.Policy.Entropy.sum": {
            "value": 6090.3271484375,
            "min": 3938.9169921875,
            "max": 6388.5,
            "count": 794
        },
        "PlayerAgent.Step.mean": {
            "value": 1587750.0,
            "min": 1768.0,
            "max": 1587750.0,
            "count": 794
        },
        "PlayerAgent.Step.sum": {
            "value": 1587750.0,
            "min": 1768.0,
            "max": 1587750.0,
            "count": 794
        },
        "PlayerAgent.Policy.ExtrinsicValueEstimate.mean": {
            "value": -1.0549652576446533,
            "min": -22.13821029663086,
            "max": 5.604463577270508,
            "count": 794
        },
        "PlayerAgent.Policy.ExtrinsicValueEstimate.sum": {
            "value": -8.439722061157227,
            "min": -222.17950439453125,
            "max": 44.83570861816406,
            "count": 794
        },
        "PlayerAgent.Environment.EpisodeLength.mean": {
            "value": 999.0,
            "min": 288.6,
            "max": 999.0,
            "count": 794
        },
        "PlayerAgent.Environment.EpisodeLength.sum": {
            "value": 1998.0,
            "min": 1093.0,
            "max": 2822.0,
            "count": 794
        },
        "PlayerAgent.Environment.CumulativeReward.mean": {
            "value": 0.32998383045196533,
            "min": -267.6622076034546,
            "max": 39.1225460767746,
            "count": 794
        },
        "PlayerAgent.Environment.CumulativeReward.sum": {
            "value": 0.6599676609039307,
            "min": -799.0718421936035,
            "max": 78.2450921535492,
            "count": 794
        },
        "PlayerAgent.Policy.ExtrinsicReward.mean": {
            "value": 0.32998383045196533,
            "min": -267.6622076034546,
            "max": 39.1225460767746,
            "count": 794
        },
        "PlayerAgent.Policy.ExtrinsicReward.sum": {
            "value": 0.6599676609039307,
            "min": -799.0718421936035,
            "max": 78.2450921535492,
            "count": 794
        },
        "PlayerAgent.IsTraining.mean": {
            "value": 1.0,
            "min": 1.0,
            "max": 1.0,
            "count": 794
        },
        "PlayerAgent.IsTraining.sum": {
            "value": 1.0,
            "min": 1.0,
            "max": 1.0,
            "count": 794
        },
        "PlayerAgent.Losses.PolicyLoss.mean": {
            "value": 0.06312361115085656,
            "min": 0.05018177996273152,
            "max": 0.07563572104792833,
            "count": 122
        },
        "PlayerAgent.Losses.PolicyLoss.sum": {
            "value": 0.06312361115085656,
            "min": 0.05018177996273152,
            "max": 0.07563572104792833,
            "count": 122
        },
        "PlayerAgent.Losses.ValueLoss.mean": {
            "value": 0.051791128162071785,
            "min": 0.004530565816161404,
            "max": 19.266051093540568,
            "count": 122
        },
        "PlayerAgent.Losses.ValueLoss.sum": {
            "value": 0.051791128162071785,
            "min": 0.004530565816161404,
            "max": 19.266051093540568,
            "count": 122
        },
        "PlayerAgent.Policy.LearningRate.mean": {
            "value": 0.00030000000000000003,
            "min": 0.0003,
            "max": 0.00030000000000000003,
            "count": 122
        },
        "PlayerAgent.Policy.LearningRate.sum": {
            "value": 0.00030000000000000003,
            "min": 0.0003,
            "max": 0.00030000000000000003,
            "count": 122
        },
        "PlayerAgent.Policy.Epsilon.mean": {
            "value": 0.19999999999999998,
            "min": 0.19999999999999998,
            "max": 0.19999999999999998,
            "count": 122
        },
        "PlayerAgent.Policy.Epsilon.sum": {
            "value": 0.19999999999999998,
            "min": 0.19999999999999998,
            "max": 0.19999999999999998,
            "count": 122
        },
        "PlayerAgent.Policy.Beta.mean": {
            "value": 0.005,
            "min": 0.005,
            "max": 0.005,
            "count": 122
        },
        "PlayerAgent.Policy.Beta.sum": {
            "value": 0.005,
            "min": 0.005,
            "max": 0.005,
            "count": 122
        }
    },
    "metadata": {
        "timer_format_version": "0.1.0",
        "start_time_seconds": "1738242791",
        "python_version": "3.10.12 | packaged by Anaconda, Inc. | (main, Jul  5 2023, 19:01:18) [MSC v.1916 64 bit (AMD64)]",
        "command_line_arguments": "C:\\Users\\ASUS\\.conda\\envs\\mlagents\\Scripts\\mlagents-learn config.yaml --run-id=Test3 --force",
        "mlagents_version": "1.1.0",
        "mlagents_envs_version": "1.1.0",
        "communication_protocol_version": "1.5.0",
        "pytorch_version": "2.2.2+cu121",
        "numpy_version": "1.23.5",
        "end_time_seconds": "1738290070"
    },
    "total": 47278.81988149998,
    "count": 1,
    "self": 0.01840640010777861,
    "children": {
        "run_training.setup": {
            "total": 0.10809919994790107,
            "count": 1,
            "self": 0.10809919994790107
        },
        "TrainerController.start_learning": {
            "total": 47278.69337589992,
            "count": 1,
            "self": 38.50445606268477,
            "children": {
                "TrainerController._reset_env": {
                    "total": 11.28851460001897,
                    "count": 1,
                    "self": 11.28851460001897
                },
                "TrainerController.advance": {
                    "total": 47228.30303843727,
                    "count": 1588843,
                    "self": 34.523437639232725,
                    "children": {
                        "env_step": {
                            "total": 43332.46886535874,
                            "count": 1588843,
                            "self": 30627.265811314923,
                            "children": {
                                "SubprocessEnvManager._take_step": {
                                    "total": 12666.362924196059,
                                    "count": 1588844,
                                    "self": 116.10915566701442,
                                    "children": {
                                        "TorchPolicy.evaluate": {
                                            "total": 12550.253768529044,
                                            "count": 1588842,
                                            "self": 12550.253768529044
                                        }
                                    }
                                },
                                "workers": {
                                    "total": 38.840129847754724,
                                    "count": 1588842,
                                    "self": 0.0,
                                    "children": {
                                        "worker_root": {
                                            "total": 46875.26511104428,
                                            "count": 1588842,
                                            "is_parallel": true,
                                            "self": 23234.172869385453,
                                            "children": {
                                                "steps_from_proto": {
                                                    "total": 0.044539600145071745,
                                                    "count": 2,
                                                    "is_parallel": true,
                                                    "self": 0.0004734001122415066,