{
    "name": "root",
    "gauges": {
        "PlayerAgentTest.Policy.Entropy.mean": {
            "value": 2.7495713233947754,
            "min": 2.7495713233947754,
            "max": 2.801267147064209,
            "count": 2
        },
        "PlayerAgentTest.Policy.Entropy.sum": {
            "value": 137478.5625,
            "min": 137478.5625,
            "max": 140214.625,
            "count": 2
        },
        "PlayerAgentTest.Step.mean": {
            "value": 99991.0,
            "min": 49990.0,
            "max": 99991.0,
            "count": 2
        },
        "PlayerAgentTest.Step.sum": {
            "value": 99991.0,
            "min": 49990.0,
            "max": 99991.0,
            "count": 2
        },
        "PlayerAgentTest.Policy.ExtrinsicValueEstimate.mean": {
            "value": -1.1609119176864624,
            "min": -1.1609119176864624,
            "max": -1.1287747621536255,
            "count": 2
        },
        "PlayerAgentTest.Policy.ExtrinsicValueEstimate.sum": {
            "value": -964.7178344726562,
            "min": -997.8369140625,
            "max": -964.7178344726562,
            "count": 2
        },
        "PlayerAgentTest.Environment.EpisodeLength.mean": {
            "value": 490.6504854368932,
            "min": 235.4306220095694,
            "max": 490.6504854368932,
            "count": 2
        },
        "PlayerAgentTest.Environment.EpisodeLength.sum": {
            "value": 50537.0,
            "min": 49205.0,
            "max": 50537.0,
            "count": 2
        },
        "PlayerAgentTest.Environment.CumulativeReward.mean": {
            "value": -5.745735493726006,
            "min": -8.336909419059326,
            "max": -5.745735493726006,
            "count": 2
        },
        "PlayerAgentTest.Environment.CumulativeReward.sum": {
            "value": -586.0650203600526,
            "min": -1742.414068583399,
            "max": -586.0650203600526,
            "count": 2
        },
        "PlayerAgentTest.Policy.ExtrinsicReward.mean": {
            "value": -5.745735493726006,
            "min": -8.336909419059326,
            "max": -5.745735493726006,
            "count": 2
        },
        "PlayerAgentTest.Policy.ExtrinsicReward.sum": {
            "value": -586.0650203600526,
            "min": -1742.414068583399,
            "max": -586.0650203600526,
            "count": 2
        },
        "PlayerAgentTest.Losses.PolicyLoss.mean": {
            "value": 0.019531603844176664,
            "min": 0.019531603844176664,
            "max": 0.02853129891930924,
            "count": 2
        },
        "PlayerAgentTest.Losses.PolicyLoss.sum": {
            "value": 0.09765801922088332,
            "min": 0.09765801922088332,
            "max": 0.11412519567723696,
            "count": 2
        },
        "PlayerAgentTest.Losses.ValueLoss.mean": {
            "value": 0.7664388062556584,
            "min": 0.7664388062556584,
            "max": 2.0325637206435205,
            "count": 2
        },
        "PlayerAgentTest.Losses.ValueLoss.sum": {
            "value": 3.8321940312782923,
            "min": 3.8321940312782923,
            "max": 8.130254882574082,
            "count": 2
        },
        "PlayerAgentTest.Policy.LearningRate.mean": {
            "value": 0.0002568580943806399,
            "min": 0.0002568580943806399,
            "max": 0.0002845914051362,
            "count": 2
        },
        "PlayerAgentTest.Policy.LearningRate.sum": {
            "value": 0.0012842904719031997,
            "min": 0.0011383656205448,
            "max": 0.0012842904719031997,
            "count": 2
        },
        "PlayerAgentTest.Policy.Epsilon.mean": {
            "value": 0.18561936,
            "min": 0.18561936,
            "max": 0.19486380000000003,
            "count": 2
        },
        "PlayerAgentTest.Policy.Epsilon.sum": {
            "value": 0.9280968,
            "min": 0.7794552000000001,
            "max": 0.9280968,
            "count": 2
        },
        "PlayerAgentTest.Policy.Beta.mean": {
            "value": 0.0042824060640000005,
            "min": 0.0042824060640000005,
            "max": 0.004743703619999999,
            "count": 2
        },
        "PlayerAgentTest.Policy.Beta.sum": {
            "value": 0.02141203032,
            "min": 0.018974814479999998,
            "max": 0.02141203032,
            "count": 2
        },
        "PlayerAgentTest.IsTraining.mean": {
            "value": 1.0,
            "min": 1.0,
            "max": 1.0,
            "count": 2
        },
        "PlayerAgentTest.IsTraining.sum": {
            "value": 1.0,
            "min": 1.0,
            "max": 1.0,
            "count": 2
        }
    },
    "metadata": {
        "timer_format_version": "0.1.0",
        "start_time_seconds": "1737607250",
        "python_version": "3.10.12 | packaged by Anaconda, Inc. | (main, Jul  5 2023, 19:01:18) [MSC v.1916 64 bit (AMD64)]",
        "command_line_arguments": "C:\\Users\\ASUS\\.conda\\envs\\mlagents\\Scripts\\mlagents-learn --run-id=Test6 --force",
        "mlagents_version": "1.1.0",
        "mlagents_envs_version": "1.1.0",
        "communication_protocol_version": "1.5.0",
        "pytorch_version": "2.2.2+cu121",
        "numpy_version": "1.23.5",
        "end_time_seconds": "1737609952"
    },
    "total": 2701.8865635,
    "count": 1,
    "self": 0.004918099999486003,
    "children": {
        "run_training.setup": {
            "total": 0.022621000000071945,
            "count": 1,
            "self": 0.022621000000071945
        },
        "TrainerController.start_learning": {
            "total": 2701.8590244000006,
            "count": 1,
            "self": 2.536537700023473,
            "children": {
                "TrainerController._reset_env": {
                    "total": 8.430802100003348,
                    "count": 1,
                    "self": 8.430802100003348
                },
                "TrainerController.advance": {
                    "total": 2690.5211568999766,
                    "count": 112028,
                    "self": 2.297675201236416,
                    "children": {
                        "env_step": {
                            "total": 2537.5509919996366,
                            "count": 112028,
                            "self": 1811.1678388995642,
                            "children": {
                                "SubprocessEnvManager._take_step": {
                                    "total": 724.090614599827,
                                    "count": 112029,
                                    "self": 6.876155499994638,
                                    "children": {
                                        "TorchPolicy.evaluate": {
                                            "total": 717.2144590998323,
                                            "count": 112029,
                                            "self": 717.2144590998323
                                        }
                                    }
                                },
                                "workers": {
                                    "total": 2.2925385002454277,
                                    "count": 112027,
                                    "self": 0.0,
                                    "children": {
                                        "worker_root": {
                                            "total": 2583.9874272001543,
                                            "count": 112027,
                                            "is_parallel": true,
                                            "self": 1111.5984472006458,
                                            "children": {
                                                "steps_from_proto": {
                                                    "total": 0.051148500002454966,
                                                    "count": 2,