{
    "name": "root",
    "gauges": {
        "PlayerAgent.Policy.Entropy.mean": {
            "value": 0.7743776440620422,
            "min": 0.7743776440620422,
            "max": 1.223075270652771,
            "count": 4
        },
        "PlayerAgent.Policy.Entropy.sum": {
            "value": 3882.7294921875,
            "min": 633.6879272460938,
            "max": 6388.1220703125,
            "count": 4
        },
        "PlayerAgent.Environment.EpisodeLength.mean": {
            "value": 459.5,
            "min": 148.4,
            "max": 672.0,
            "count": 4
        },
        "PlayerAgent.Environment.EpisodeLength.sum": {
            "value": 5514.0,
            "min": 742.0,
            "max": 5514.0,
            "count": 4
        },
        "PlayerAgent.Step.mean": {
            "value": 6359799.0,
            "min": 6344834.0,
            "max": 6359799.0,
            "count": 4
        },
        "PlayerAgent.Step.sum": {
            "value": 6359799.0,
            "min": 6344834.0,
            "max": 6359799.0,
            "count": 4
        },
        "PlayerAgent.Policy.ExtrinsicValueEstimate.mean": {
            "value": 8.973729133605957,
            "min": -5.305879592895508,
            "max": 8.973729133605957,
            "count": 4
        },
        "PlayerAgent.Policy.ExtrinsicValueEstimate.sum": {
            "value": 152.5533905029297,
            "min": -79.58819580078125,
            "max": 152.5533905029297,
            "count": 4
        },
        "PlayerAgent.Environment.CumulativeReward.mean": {
            "value": 22.497397336092863,
            "min": -37.935723304748535,
            "max": 22.497397336092863,
            "count": 4
        },
        "PlayerAgent.Environment.CumulativeReward.sum": {
            "value": 247.47137069702148,
            "min": -303.4857864379883,
            "max": 247.47137069702148,
            "count": 4
        },
        "PlayerAgent.Policy.ExtrinsicReward.mean": {
            "value": 22.497397336092863,
            "min": -37.935723304748535,
            "max": 22.497397336092863,
            "count": 4
        },
        "PlayerAgent.Policy.ExtrinsicReward.sum": {
            "value": 247.47137069702148,
            "min": -303.4857864379883,
            "max": 247.47137069702148,
            "count": 4
        },
        "PlayerAgent.IsTraining.mean": {
            "value": 1.0,
            "min": 1.0,
            "max": 1.0,
            "count": 4
        },
        "PlayerAgent.IsTraining.sum": {
            "value": 1.0,
            "min": 1.0,
            "max": 1.0,
            "count": 4
        }
    },
    "metadata": {
        "timer_format_version": "0.1.0",
        "start_time_seconds": "1747297020",
        "python_version": "3.10.12 | packaged by Anaconda, Inc. | (main, Jul  5 2023, 19:01:18) [MSC v.1916 64 bit (AMD64)]",
        "command_line_arguments": "C:\\Users\\intou\\miniconda3\\envs\\mlagents\\Scripts\\mlagents-learn config.yaml --run-id=1105Main --resume",
        "mlagents_version": "1.1.0",
        "mlagents_envs_version": "1.1.0",
        "communication_protocol_version": "1.5.0",
        "pytorch_version": "2.2.2+cu121",
        "numpy_version": "1.23.5",
        "end_time_seconds": "1747297354"
    },
    "total": 334.0381397000165,
    "count": 1,
    "self": 0.012413299991749227,
    "children": {
        "run_training.setup": {
            "total": 0.07435579999582842,
            "count": 1,
            "self": 0.07435579999582842
        },
        "TrainerController.start_learning": {
            "total": 333.9513706000289,
            "count": 1,
            "self": 0.24777750432258472,
            "children": {
                "TrainerController._reset_env": {
                    "total": 29.72415959998034,
                    "count": 1,
                    "self": 29.72415959998034
                },
                "TrainerController.advance": {
                    "total": 303.7488567957189,
                    "count": 19812,
                    "self": 0.21536939562065527,
                    "children": {
                        "env_step": {
                            "total": 291.4757479976979,
                            "count": 19812,
                            "self": 176.31360410014167,
                            "children": {
                                "SubprocessEnvManager._take_step": {
                                    "total": 114.91831650392851,
                                    "count": 19812,
                                    "self": 0.7580565034295432,
                                    "children": {
                                        "TorchPolicy.evaluate": {
                                            "total": 114.16026000049897,
                                            "count": 19812,
                                            "self": 114.16026000049897
                                        }
                                    }
                                },
                                "workers": {
                                    "total": 0.24382739362772554,
                                    "count": 19812,
                                    "self": 0.0,
                                    "children": {
                                        "worker_root": {
                                            "total": 304.73592759971507,
                                            "count": 19812,
                                            "is_parallel": true,
                                            "self": 160.53439089428866,
                                            "children": {
                                                "steps_from_proto": {
                                                    "total": 0.019747099955566227,
                                                    "count": 1,
                                                    "is_parallel": true,
                                                    "self": 0.0001379999448545277,
                                                    "children": {
                                                        "_process_maybe_compressed_observation": {
                                                            "total": 0.01953049999428913,
                                                            "count": 2,
                                                            "is_parallel": true,
                                                            "self": 0.00011359999189153314,
                                                            "children": {
                                                                "_observation_to_np_array": {
                                                                    "total": 0.019416900002397597,
                                                                    "count": 1,
                                                                    "is_parallel": true,
                                                                    "self": 2.5900022592395544e-05,
                                                                    "children": {
                                                                        "process_pixels": {
                                                                            "total": 0.0193909999798052,
                                                                            "count": 1,
                                                                            "is_parallel": true,
                                                                            "self": 0.0020951000624336302,
                                                                            "children": {
                                                                                "image_decompress": {
                                                                                    "total": 0.01729589991737157,