{
    "name": "root",
    "gauges": {
        "PlayerAgent.Policy.Entropy.mean": {
            "value": 4.191288471221924,
            "min": 4.1910295486450195,
            "max": 4.191288471221924,
            "count": 3
        },
        "PlayerAgent.Policy.Entropy.sum": {
            "value": 19753.54296875,
            "min": 19753.54296875,
            "max": 22472.30078125,
            "count": 3
        },
        "PlayerAgent.Environment.EpisodeLength.mean": {
            "value": 440.3076923076923,
            "min": 302.125,
            "max": 440.3076923076923,
            "count": 3
        },
        "PlayerAgent.Environment.EpisodeLength.sum": {
            "value": 5724.0,
            "min": 4611.0,
            "max": 5724.0,
            "count": 3
        },
        "PlayerAgent.Step.mean": {
            "value": 14998.0,
            "min": 4850.0,
            "max": 14998.0,
            "count": 3
        },
        "PlayerAgent.Step.sum": {
            "value": 14998.0,
            "min": 4850.0,
            "max": 14998.0,
            "count": 3
        },
        "PlayerAgent.Policy.ExtrinsicValueEstimate.mean": {
            "value": 0.014313610270619392,
            "min": -0.026399750262498856,
            "max": 0.014313610270619392,
            "count": 3
        },
        "PlayerAgent.Policy.ExtrinsicValueEstimate.sum": {
            "value": 0.25764498114585876,
            "min": -0.4751954972743988,
            "max": 0.25764498114585876,
            "count": 3
        },
        "PlayerAgent.Environment.CumulativeReward.mean": {
            "value": -39.7920186718305,
            "min": -39.7920186718305,
            "max": -17.767183747142553,
            "count": 3
        },
        "PlayerAgent.Environment.CumulativeReward.sum": {
            "value": -477.50422406196594,
            "min": -477.50422406196594,
            "max": -284.27493995428085,
            "count": 3
        },
        "PlayerAgent.Policy.ExtrinsicReward.mean": {
            "value": -39.7920186718305,
            "min": -39.7920186718305,
            "max": -17.767183747142553,
            "count": 3
        },
        "PlayerAgent.Policy.ExtrinsicReward.sum": {
            "value": -477.50422406196594,
            "min": -477.50422406196594,
            "max": -284.27493995428085,
            "count": 3
        },
        "PlayerAgent.IsTraining.mean": {
            "value": 1.0,
            "min": 1.0,
            "max": 1.0,
            "count": 3
        },
        "PlayerAgent.IsTraining.sum": {
            "value": 1.0,
            "min": 1.0,
            "max": 1.0,
            "count": 3
        }
    },
    "metadata": {
        "timer_format_version": "0.1.0",
        "start_time_seconds": "1746823678",
        "python_version": "3.10.12 | packaged by Anaconda, Inc. | (main, Jul  5 2023, 19:01:18) [MSC v.1916 64 bit (AMD64)]",
        "command_line_arguments": "C:\\Users\\intou\\miniconda3\\envs\\mlagents\\Scripts\\mlagents-learn config.yaml --run-id=1005Main --force",
        "mlagents_version": "1.1.0",
        "mlagents_envs_version": "1.1.0",
        "communication_protocol_version": "1.5.0",
        "pytorch_version": "2.2.2+cu121",
        "numpy_version": "1.23.5",
        "end_time_seconds": "1746823995"
    },
    "total": 317.179616099922,
    "count": 1,
    "self": 0.0043650001753121614,
    "children": {
        "run_training.setup": {
            "total": 0.06193539989180863,
            "count": 1,
            "self": 0.06193539989180863
        },
        "TrainerController.start_learning": {
            "total": 317.11331569985487,
            "count": 1,
            "self": 0.20365409273654222,
            "children": {
                "TrainerController._reset_env": {
                    "total": 4.726245600031689,
                    "count": 1,
                    "self": 4.726245600031689
                },
                "TrainerController.advance": {
                    "total": 311.83014280721545,
                    "count": 16434,
                    "self": 0.17060693283565342,
                    "children": {
                        "env_step": {
                            "total": 302.1649737013504,
                            "count": 16434,
                            "self": 206.2426149044186,
                            "children": {
                                "SubprocessEnvManager._take_step": {
                                    "total": 95.7321927016601,
                                    "count": 16434,
                                    "self": 0.6295950072817504,
                                    "children": {
                                        "TorchPolicy.evaluate": {
                                            "total": 95.10259769437835,
                                            "count": 16434,
                                            "self": 95.10259769437835
                                        }
                                    }
                                },
                                "workers": {
                                    "total": 0.19016609527170658,
                                    "count": 16433,
                                    "self": 0.0,
                                    "children": {
                                        "worker_root": {
                                            "total": 250.0340698014479,
                                            "count": 16433,
                                            "is_parallel": true,
                                            "self": 132.86204469995573,
                                            "children": {
                                                "steps_from_proto": {
                                                    "total": 0.015011700103059411,
                                                    "count": 1,
                                                    "is_parallel": true,
                                                    "self": 0.00011969986371695995,
                                                    "children": {
                                                        "_process_maybe_compressed_observation": {
                                                            "total": 0.014835300156846642,
                                                            "count": 2,
                                                            "is_parallel": true,
                                                            "self": 5.9800222516059875e-05,
                                                            "children": {
                                                                "_observation_to_np_array": {
                                                                    "total": 0.014775499934330583,
                                                                    "count": 1,
                                                                    "is_parallel": true,
                                                                    "self": 2.219993621110916e-05,
                                                                    "children": {
                                                                        "process_pixels": {
                                                                            "total": 0.014753299998119473,
                                                                            "count": 1,
                                                                            "is_parallel": true,
                                                                            "self": 0.0020034995395690203,
                                                                            "children": {
                                                                                "image_decompress": {
                                                                                    "total": 0.012749800458550453,