{
    "name": "root",
    "gauges": {
        "PlayerAgent.Policy.Entropy.mean": {
            "value": 2.816761016845703,
            "min": 2.6344478130340576,
            "max": 4.1912126541137695,
            "count": 316
        },
        "PlayerAgent.Policy.Entropy.sum": {
            "value": 14052.8212890625,
            "min": 12409.130859375,
            "max": 22718.55078125,
            "count": 316
        },
        "PlayerAgent.Environment.EpisodeLength.mean": {
            "value": 234.6315789473684,
            "min": 155.68965517241378,
            "max": 1705.25,
            "count": 316
        },
        "PlayerAgent.Environment.EpisodeLength.sum": {
            "value": 4458.0,
            "min": 1955.0,
            "max": 7803.0,
            "count": 316
        },
        "PlayerAgent.Step.mean": {
            "value": 1579532.0,
            "min": 4909.0,
            "max": 1579532.0,
            "count": 316
        },
        "PlayerAgent.Step.sum": {
            "value": 1579532.0,
            "min": 4909.0,
            "max": 1579532.0,
            "count": 316
        },
        "PlayerAgent.Policy.ExtrinsicValueEstimate.mean": {
            "value": 5.752987384796143,
            "min": -3.5480916500091553,
            "max": 7.9843292236328125,
            "count": 316
        },
        "PlayerAgent.Policy.ExtrinsicValueEstimate.sum": {
            "value": 126.56572723388672,
            "min": -50.26606750488281,
            "max": 222.36419677734375,
            "count": 316
        },
        "PlayerAgent.Environment.CumulativeReward.mean": {
            "value": 10.327511918544769,
            "min": -313.80123551686603,
            "max": 25.947709755464032,
            "count": 316
        },
        "PlayerAgent.Environment.CumulativeReward.sum": {
            "value": 206.55023837089539,
            "min": -1073.7420589923859,
            "max": 681.7433590292931,
            "count": 316
        },
        "PlayerAgent.Policy.ExtrinsicReward.mean": {
            "value": 10.327511918544769,
            "min": -313.80123551686603,
            "max": 25.947709755464032,
            "count": 316
        },
        "PlayerAgent.Policy.ExtrinsicReward.sum": {
            "value": 206.55023837089539,
            "min": -1073.7420589923859,
            "max": 681.7433590292931,
            "count": 316
        },
        "PlayerAgent.IsTraining.mean": {
            "value": 1.0,
            "min": 1.0,
            "max": 1.0,
            "count": 316
        },
        "PlayerAgent.IsTraining.sum": {
            "value": 1.0,
            "min": 1.0,
            "max": 1.0,
            "count": 316
        },
        "PlayerAgent.Losses.PolicyLoss.mean": {
            "value": 0.056522975045027124,
            "min": 0.049766696540762406,
            "max": 0.06109907227414905,
            "count": 76
        },
        "PlayerAgent.Losses.PolicyLoss.sum": {
            "value": 0.056522975045027124,
            "min": 0.049766696540762406,
            "max": 0.06109907227414905,
            "count": 76
        },
        "PlayerAgent.Losses.ValueLoss.mean": {
            "value": 2.720145766623318,
            "min": 1.825393630284816,
            "max": 6.725913393644639,
            "count": 76
        },
        "PlayerAgent.Losses.ValueLoss.sum": {
            "value": 2.720145766623318,
            "min": 1.825393630284816,
            "max": 6.725913393644639,
            "count": 76
        },
        "PlayerAgent.Policy.LearningRate.mean": {
            "value": 0.00020000000000000004,
            "min": 0.00020000000000000004,
            "max": 0.00020000000000000004,
            "count": 76
        },
        "PlayerAgent.Policy.LearningRate.sum": {
            "value": 0.00020000000000000004,
            "min": 0.00020000000000000004,
            "max": 0.00020000000000000004,
            "count": 76
        },
        "PlayerAgent.Policy.Epsilon.mean": {
            "value": 0.19999999999999998,
            "min": 0.19999999999999998,
            "max": 0.19999999999999998,
            "count": 76
        },
        "PlayerAgent.Policy.Epsilon.sum": {
            "value": 0.19999999999999998,
            "min": 0.19999999999999998,
            "max": 0.19999999999999998,
            "count": 76
        },
        "PlayerAgent.Policy.Beta.mean": {
            "value": 0.004999999999999999,
            "min": 0.004999999999999999,
            "max": 0.004999999999999999,
            "count": 76
        },
        "PlayerAgent.Policy.Beta.sum": {
            "value": 0.004999999999999999,
            "min": 0.004999999999999999,
            "max": 0.004999999999999999,
            "count": 76
        }
    },
    "metadata": {
        "timer_format_version": "0.1.0",
        "start_time_seconds": "1746825088",
        "python_version": "3.10.12 | packaged by Anaconda, Inc. | (main, Jul  5 2023, 19:01:18) [MSC v.1916 64 bit (AMD64)]",
        "command_line_arguments": "C:\\Users\\intou\\miniconda3\\envs\\mlagents\\Scripts\\mlagents-learn config.yaml --run-id=1005Main --force",
        "mlagents_version": "1.1.0",
        "mlagents_envs_version": "1.1.0",
        "communication_protocol_version": "1.5.0",
        "pytorch_version": "2.2.2+cu121",
        "numpy_version": "1.23.5",
        "end_time_seconds": "1746867818"
    },
    "total": 42726.01971019991,
    "count": 1,
    "self": 0.0068034997675567865,
    "children": {
        "run_training.setup": {
            "total": 0.062169000040739775,
            "count": 1,
            "self": 0.062169000040739775
        },
        "TrainerController.start_learning": {
            "total": 42725.9507377001,
            "count": 1,
            "self": 20.086583494208753,
            "children": {
                "TrainerController._reset_env": {
                    "total": 7.387791899964213,
                    "count": 1,
                    "self": 7.387791899964213
                },
                "TrainerController.advance": {
                    "total": 42698.470737105934,
                    "count": 1584326,
                    "self": 17.176956149050966,
                    "children": {
                        "env_step": {
                            "total": 28055.098184027476,
                            "count": 1584326,
                            "self": 17704.835915686097,
                            "children": {
                                "SubprocessEnvManager._take_step": {
                                    "total": 10330.26021939516,
                                    "count": 1584326,
                                    "self": 61.547524210531265,
                                    "children": {
                                        "TorchPolicy.evaluate": {
                                            "total": 10268.71269518463,
                                            "count": 1584326,
                                            "self": 10268.71269518463
                                        }
                                    }
                                },
                                "workers": {
                                    "total": 20.002048946218565,
                                    "count": 1584325,
                                    "self": 0.0,
                                    "children": {
                                        "worker_root": {
                                            "total": 42680.20206542988,
                                            "count": 1584325,
                                            "is_parallel": true,
                                            "self": 31256.56918906537,
                                            "children": {
                                                "steps_from_proto": {
                                                    "total": 0.01749640004709363,
                                                    "count": 1,