{
    "name": "root",
    "metadata": {
        "timer_format_version": "0.1.0",
        "start_time_seconds": "1746824824",
        "python_version": "3.10.12 | packaged by Anaconda, Inc. | (main, Jul  5 2023, 19:01:18) [MSC v.1916 64 bit (AMD64)]",
        "command_line_arguments": "C:\\Users\\intou\\miniconda3\\envs\\mlagents\\Scripts\\mlagents-learn config.yaml --run-id=1005Main --force",
        "mlagents_version": "1.1.0",
        "mlagents_envs_version": "1.1.0",
        "communication_protocol_version": "1.5.0",
        "pytorch_version": "2.2.2+cu121",
        "numpy_version": "1.23.5",
        "end_time_seconds": "1746824866"
    },
    "total": 41.58874169993214,
    "count": 1,
    "self": 0.004424199927598238,
    "children": {
        "run_training.setup": {
            "total": 0.06561119994148612,
            "count": 1,
            "self": 0.06561119994148612
        },
        "TrainerController.start_learning": {
            "total": 41.51870630006306,
            "count": 1,
            "self": 0.014545104000717402,
            "children": {
                "TrainerController._reset_env": {
                    "total": 6.688401499995962,
                    "count": 1,
                    "self": 6.688401499995962
                },
                "TrainerController.advance": {
                    "total": 34.60200079600327,
                    "count": 1188,
                    "self": 0.01273668953217566,
                    "children": {
                        "env_step": {
                            "total": 34.171254004584625,
                            "count": 1188,
                            "self": 27.396548808552325,
                            "children": {
                                "SubprocessEnvManager._take_step": {
                                    "total": 6.761682299431413,
                                    "count": 1188,
                                    "self": 0.045346097787842155,
                                    "children": {
                                        "TorchPolicy.evaluate": {
                                            "total": 6.716336201643571,
                                            "count": 1188,
                                            "self": 6.716336201643571
                                        }
                                    }
                                },
                                "workers": {
                                    "total": 0.01302289660088718,
                                    "count": 1187,
                                    "self": 0.0,
                                    "children": {
                                        "worker_root": {
                                            "total": 18.60752559825778,
                                            "count": 1187,
                                            "is_parallel": true,
                                            "self": 9.735208897385746,
                                            "children": {
                                                "steps_from_proto": {
                                                    "total": 0.01618759986013174,
                                                    "count": 1,
                                                    "is_parallel": true,
                                                    "self": 0.0002603998873382807,
                                                    "children": {
                                                        "_process_maybe_compressed_observation": {
                                                            "total": 0.015848400071263313,
                                                            "count": 2,
                                                            "is_parallel": true,
                                                            "self": 6.810016930103302e-05,
                                                            "children": {
                                                                "_observation_to_np_array": {
                                                                    "total": 0.01578029990196228,
                                                                    "count": 1,
                                                                    "is_parallel": true,
                                                                    "self": 3.50000336766243e-05,
                                                                    "children": {
                                                                        "process_pixels": {
                                                                            "total": 0.015745299868285656,
                                                                            "count": 1,
                                                                            "is_parallel": true,
                                                                            "self": 0.002186700003221631,
                                                                            "children": {
                                                                                "image_decompress": {
                                                                                    "total": 0.013558599865064025,
                                                                                    "count": 10,
                                                                                    "is_parallel": true,
                                                                                    "self": 0.013558599865064025
                                                                                }
                                                                            }
                                                                        }
                                                                    }
                                                                }
                                                            }
                                                        },
                                                        "_process_rank_one_or_two_observation": {
                                                            "total": 7.87999015301466e-05,
                                                            "count": 2,
                                                            "is_parallel": true,
                                                            "self": 7.87999015301466e-05
                                                        }
                                                    }
                                                },
                                                "UnityEnvironment.step": {
                                                    "total": 8.856129101011902,
                                                    "count": 1187,
                                                    "is_parallel": true,
                                                    "self": 0.06711509334854782,
                                                    "children": {
                                                        "UnityEnvironment._generate_step_input": {
                                                            "total": 0.05346460314467549,
                                                            "count": 1187,
                                                            "is_parallel": true,
                                                            "self": 0.05346460314467549
                                                        },
                                                        "communicator.exchange": {
                                                            "total": 6.378738504135981,
                                                            "count": 1187,
                                                            "is_parallel": true,