{"count":1,"self":7914.6385408,"total":32641.126732099998,"children":{"InitializeActuators":{"count":1,"self":0.0015609999999999999,"total":0.0015609999999999999,"children":null},"InitializeSensors":{"count":1,"self":0.0110961,"total":0.0110961,"children":null},"AgentSendState":{"count":1397236,"self":1942.5404927999998,"total":2347.1371581999997,"children":{"CollectObservations":{"count":1397236,"self":9.5069536,"total":9.5069537,"children":null},"WriteActionMask":{"count":1397236,"self":4.7814456,"total":4.7814454,"children":null},"RequestDecision":{"count":1397236,"self":16.1537728,"total":390.3081818,"children":{"AgentInfo.ToProto":{"count":1397236,"self":12.7703096,"total":374.1544087,"children":{"GenerateSensorData":{"count":1397236,"self":67.2336704,"total":361.38409889999997,"children":{"CameraSensor.GetCompressedObservation":{"count":1397236,"self":294.1504256,"total":294.15042719999997,"children":null}}}}}}}}},"DecideAction":{"count":1397236,"self":21742.0611584,"total":21742.061420399998,"children":null},"AgentAct":{"count":1397236,"self":636.38891519999993,"total":636.5946362,"children":{"AgentInfo.ToProto":{"count":800,"self":0.0114523,"total":0.20569969999999999,"children":{"GenerateSensorData":{"count":800,"self":0.0342036,"total":0.1942474,"children":{"CameraSensor.GetCompressedObservation":{"count":800,"self":0.16004379999999999,"total":0.16004379999999999,"children":null}}}}}}},"AgentInfo.ToProto":{"count":2626,"self":0.020964,"total":0.68067879999999992,"children":{"GenerateSensorData":{"count":2626,"self":0.13542289999999998,"total":0.65971479999999993,"children":{"CameraSensor.GetCompressedObservation":{"count":2626,"self":0.52429189999999992,"total":0.52429189999999992,"children":null}}}}}},"gauges":{"PlayerAgent.CumulativeReward":{"count":3426,"max":82.99099,"min":-73.79889,"runningAverage":11.3769436,"value":32.5632172,"weightedAverage":17.9555588}},"metadata":{"timer_format_version":"0.1.0","start_time_seconds":"1738603777","unity_version":"6000.0.30f1","command_line_arguments":"C:\\Program Files\\Unity\\Hub\\Editor\\6000.0.30f1\\Editor\\Unity.exe -projectpath D:\\Unity\\Git\\GAIA\\GAIA_unity -useHub -hubIPC -cloudEnvironment production","communication_protocol_version":"1.5.0","com.unity.ml-agents_version":"3.0.0","scene_name":"TrainingMap","end_time_seconds":"1738636417"}}