{"count":1,"self":4738.9528064,"total":37940.5696557,"children":{"InitializeActuators":{"count":1764,"self":0.10616099999999999,"total":0.10616099999999999,"children":null},"InitializeSensors":{"count":1764,"self":18.5207184,"total":18.5207177,"children":null},"AgentSendState":{"count":718182,"self":2008.0592895999998,"total":2350.0188786999997,"children":{"CollectObservations":{"count":718182,"self":14.487592,"total":14.4875916,"children":null},"WriteActionMask":{"count":718182,"self":3.7205595999999996,"total":3.7205597,"children":null},"RequestDecision":{"count":718182,"self":18.188393599999998,"total":323.7515328,"children":{"AgentInfo.ToProto":{"count":718182,"self":12.796087199999999,"total":305.5631394,"children":{"GenerateSensorData":{"count":718182,"self":77.832678399999992,"total":292.7670525,"children":{"CameraSensor.GetCompressedObservation":{"count":718182,"self":214.9343744,"total":214.9343753,"children":null}}}}}}}}},"DecideAction":{"count":718182,"self":30808.853708799998,"total":30808.8527611,"children":null},"AgentAct":{"count":718182,"self":23.424336,"total":23.4243368,"children":null},"AgentInfo.ToProto":{"count":1763,"self":0.044660899999999996,"total":0.6921022,"children":{"GenerateSensorData":{"count":1763,"self":0.13644219999999999,"total":0.6474413,"children":{"CameraSensor.GetCompressedObservation":{"count":1763,"self":0.51099909999999993,"total":0.51099909999999993,"children":null}}}}}},"gauges":{"PlayerAgent.CumulativeReward":{"count":1637,"max":122.219772,"min":-0.175450087,"runningAverage":22.3340969,"value":2.02563429,"weightedAverage":22.1765633}},"metadata":{"timer_format_version":"0.1.0","start_time_seconds":"1745693461","unity_version":"6000.0.30f1","command_line_arguments":"C:\\Program Files\\Unity\\Hub\\Editor\\6000.0.30f1\\Editor\\Unity.exe -projectpath D:\\Unity\\Git\\GAIA\\GAIA_unity -useHub -hubIPC -cloudEnvironment production","communication_protocol_version":"1.5.0","com.unity.ml-agents_version":"3.0.0","scene_name":"TrainingMap_WS","end_time_seconds":"1745731401"}}