{"count":1,"self":2547.0767103999997,"total":4034.0286072,"children":{"InitializeActuators":{"count":1,"self":0.0015098,"total":0.0015098,"children":null},"InitializeSensors":{"count":1,"self":0.0055233,"total":0.0055233,"children":null},"AgentSendState":{"count":139393,"self":176.0282624,"total":202.4499406,"children":{"CollectObservations":{"count":139393,"self":0.29259199999999996,"total":0.29259199999999996,"children":null},"WriteActionMask":{"count":139393,"self":0.086823199999999989,"total":0.086823199999999989,"children":null},"RequestDecision":{"count":139393,"self":0.5938142,"total":26.042269299999997,"children":{"AgentInfo.ToProto":{"count":139393,"self":0.5015907,"total":25.4484551,"children":{"GenerateSensorData":{"count":139393,"self":2.8866945999999998,"total":24.9468644,"children":{"CameraSensor.GetCompressedObservation":{"count":139393,"self":22.0601696,"total":22.0601698,"children":null}}}}}}}}},"DecideAction":{"count":139393,"self":1245.300736,"total":1245.3007301999999,"children":null},"AgentAct":{"count":139393,"self":39.0914144,"total":39.0979245,"children":{"AgentInfo.ToProto":{"count":23,"self":0,"total":0.0065090999999999994,"children":{"GenerateSensorData":{"count":23,"self":0.0010033,"total":0.0065090999999999994,"children":{"CameraSensor.GetCompressedObservation":{"count":23,"self":0.0055058,"total":0.0055058,"children":null}}}}}}},"AgentInfo.ToProto":{"count":586,"self":0.0015244,"total":0.0943522,"children":{"GenerateSensorData":{"count":586,"self":0.0090248999999999989,"total":0.0928278,"children":{"CameraSensor.GetCompressedObservation":{"count":586,"self":0.0838029,"total":0.0838029,"children":null}}}}}},"gauges":{"PlayerAgent.CumulativeReward":{"count":609,"max":25.73032,"min":-102.3004,"runningAverage":-20.4817162,"value":6.106846,"weightedAverage":-2.701884}},"metadata":{"timer_format_version":"0.1.0","start_time_seconds":"1741277790","unity_version":"6000.0.30f1","command_line_arguments":"C:\\Program Files\\Unity\\Hub\\Editor\\6000.0.30f1\\Editor\\Unity.exe -projectpath C:\\Unity project\\GAIA\\GAIA_unity -useHub -hubIPC -cloudEnvironment production","communication_protocol_version":"1.5.0","com.unity.ml-agents_version":"3.0.0","scene_name":"TrainingMap","end_time_seconds":"1741281824"}}