{
    "name": "root",
    "gauges": {
        "PlayerAgent.Policy.Entropy.mean": {
            "value": 3.4982776641845703,
            "min": 3.497981548309326,
            "max": 3.498368501663208,
            "count": 5
        },
        "PlayerAgent.Policy.Entropy.sum": {
            "value": 7139.98486328125,
            "min": 6188.39453125,
            "max": 7808.3583984375,
            "count": 5
        },
        "PlayerAgent.Environment.EpisodeLength.mean": {
            "value": 296.5,
            "min": 235.42857142857142,
            "max": 633.25,
            "count": 5
        },
        "PlayerAgent.Environment.EpisodeLength.sum": {
            "value": 1779.0,
            "min": 1648.0,
            "max": 2533.0,
            "count": 5
        },
        "PlayerAgent.Step.mean": {
            "value": 9808.0,
            "min": 1976.0,
            "max": 9808.0,
            "count": 5
        },
        "PlayerAgent.Step.sum": {
            "value": 9808.0,
            "min": 1976.0,
            "max": 9808.0,
            "count": 5
        },
        "PlayerAgent.Policy.ExtrinsicValueEstimate.mean": {
            "value": 0.006053078919649124,
            "min": 0.0011360178468748927,
            "max": 0.025641251355409622,
            "count": 5
        },
        "PlayerAgent.Policy.ExtrinsicValueEstimate.sum": {
            "value": 0.07263694703578949,
            "min": 0.013632213696837425,
            "max": 0.28205376863479614,
            "count": 5
        },
        "PlayerAgent.Environment.CumulativeReward.mean": {
            "value": -102.05475493839809,
            "min": -127.7640552520752,
            "max": -63.700927189418245,
            "count": 5
        },
        "PlayerAgent.Environment.CumulativeReward.sum": {
            "value": -714.3832845687866,
            "min": -714.3832845687866,
            "max": -383.2921657562256,
            "count": 5
        },
        "PlayerAgent.Policy.ExtrinsicReward.mean": {
            "value": -102.05475493839809,
            "min": -127.7640552520752,
            "max": -63.700927189418245,
            "count": 5
        },
        "PlayerAgent.Policy.ExtrinsicReward.sum": {
            "value": -714.3832845687866,
            "min": -714.3832845687866,
            "max": -383.2921657562256,
            "count": 5
        },
        "PlayerAgent.IsTraining.mean": {
            "value": 1.0,
            "min": 1.0,
            "max": 1.0,
            "count": 5
        },
        "PlayerAgent.IsTraining.sum": {
            "value": 1.0,
            "min": 1.0,
            "max": 1.0,
            "count": 5
        }
    },
    "metadata": {
        "timer_format_version": "0.1.0",
        "start_time_seconds": "1738303127",
        "python_version": "3.10.12 | packaged by Anaconda, Inc. | (main, Jul  5 2023, 19:01:18) [MSC v.1916 64 bit (AMD64)]",
        "command_line_arguments": "C:\\Users\\ASUS\\.conda\\envs\\mlagents\\Scripts\\mlagents-learn config.yaml --run-id=Test4 --force",
        "mlagents_version": "1.1.0",
        "mlagents_envs_version": "1.1.0",
        "communication_protocol_version": "1.5.0",
        "pytorch_version": "2.2.2+cu121",
        "numpy_version": "1.23.5",
        "end_time_seconds": "1738303611"
    },
    "total": 483.89382079999996,
    "count": 1,
    "self": 0.01159179999922344,
    "children": {
        "run_training.setup": {
            "total": 0.08865680000053544,
            "count": 1,
            "self": 0.08865680000053544
        },
        "TrainerController.start_learning": {
            "total": 483.7935722000002,
            "count": 1,
            "self": 0.2670780999951603,
            "children": {
                "TrainerController._reset_env": {
                    "total": 14.966130499999963,
                    "count": 1,
                    "self": 14.966130499999963
                },
                "TrainerController.advance": {
                    "total": 467.78595560000485,
                    "count": 10922,
                    "self": 0.23013310004989762,
                    "children": {
                        "env_step": {
                            "total": 461.7212120999311,
                            "count": 10922,
                            "self": 369.05450049995034,
                            "children": {
                                "SubprocessEnvManager._take_step": {
                                    "total": 92.42332049996457,
                                    "count": 10922,
                                    "self": 0.8360545000350612,
                                    "children": {
                                        "TorchPolicy.evaluate": {
                                            "total": 91.58726599992951,
                                            "count": 10922,
                                            "self": 91.58726599992951
                                        }
                                    }
                                },
                                "workers": {
                                    "total": 0.24339110001619702,
                                    "count": 10921,
                                    "self": 0.0,
                                    "children": {
                                        "worker_root": {
                                            "total": 403.98260929994285,
                                            "count": 10921,
                                            "is_parallel": true,
                                            "self": 119.89656609999201,
                                            "children": {
                                                "steps_from_proto": {
                                                    "total": 0.022755099999812956,
                                                    "count": 1,
                                                    "is_parallel": true,
                                                    "self": 0.00019460000021354062,
                                                    "children": {
                                                        "_process_rank_one_or_two_observation": {
                                                            "total": 0.000135999999656633,
                                                            "count": 2,
                                                            "is_parallel": true,
                                                            "self": 0.000135999999656633
                                                        },
                                                        "_process_maybe_compressed_observation": {
                                                            "total": 0.022424499999942782,
                                                            "count": 2,
                                                            "is_parallel": true,
                                                            "self": 4.840000019612489e-05,
                                                            "children": {
                                                                "_observation_to_np_array": {
                                                                    "total": 0.022376099999746657,
                                                                    "count": 1,
                                                                    "is_parallel": true,
                                                                    "self": 2.5800000003073364e-05,
                                                                    "children": {
                                                                        "process_pixels": {
                                                                            "total": 0.022350299999743584,
                                                                            "count": 1,